{"cameraMode":{"drawMode":0,"name":"Shaded","section":"Shading Mode"},"sceneLighting":true,"audioPlay":false,"sceneViewState":{"m_AlwaysRefresh":false,"showFog":true,"showSkybox":true,"showFlares":true,"showImageEffects":true,"showParticleSystems":true,"showVisualEffectGraphs":true,"m_FxEnabled":true},"in2DMode":false,"pivot":{"x":0.09708595275878906,"y":3.844287872314453,"z":70.33067321777344},"rotation":{"x":0.04860473424196243,"y":0.7075403332710266,"z":-0.04889793321490288,"w":0.703307569026947},"size":14.163174629211426,"orthographic":true}